skills,role
MongoDB REST API Docker Flask Redis,BackendDeveloper
Flask FastAPI MongoDB REST API,BackendDeveloper
PostgreSQL Python Flask FastAPI Docker,BackendDeveloper
PostgreSQL Flask Docker MongoDB,BackendDeveloper
FastAPI Python PostgreSQL Django Redis,BackendDeveloper
Redis REST API FastAPI PostgreSQL,BackendDeveloper
REST API Redis Python Docker,BackendDeveloper
FastAPI SQL Docker Django MongoDB,BackendDeveloper
Docker Redis SQL Flask PostgreSQL Python,BackendDeveloper
REST API PostgreSQL Python Docker Flask FastAPI,BackendDeveloper
SQL Docker Django REST API MongoDB,BackendDeveloper
SQL FastAPI Docker Python REST API,BackendDeveloper
Flask Redis PostgreSQL MongoDB SQL,BackendDeveloper
SQL Django Redis PostgreSQL FastAPI,BackendDeveloper
Redis REST API PostgreSQL Docker Django MongoDB,BackendDeveloper
MongoDB Django Flask Redis SQL FastAPI,BackendDeveloper
PostgreSQL Redis REST API Python FastAPI,BackendDeveloper
Flask Python PostgreSQL FastAPI,BackendDeveloper
REST API Python FastAPI Flask SQL,BackendDeveloper
Python Redis FastAPI Flask REST API,BackendDeveloper
Flask FastAPI PostgreSQL Django MongoDB,BackendDeveloper
Docker Django Flask Python REST API,BackendDeveloper
Docker MongoDB REST API Flask Redis SQL,BackendDeveloper
REST API FastAPI Docker Flask Redis,BackendDeveloper
PostgreSQL MongoDB SQL Docker,BackendDeveloper
Python SQL REST API Docker Redis Django,BackendDeveloper
FastAPI Redis SQL MongoDB,BackendDeveloper
Django Flask Python Redis,BackendDeveloper
Flask Python PostgreSQL FastAPI MongoDB SQL,BackendDeveloper
Python REST API SQL Redis Django PostgreSQL,BackendDeveloper
FastAPI Flask PostgreSQL Docker,BackendDeveloper
Python PostgreSQL Docker Redis,BackendDeveloper
Redis Django Flask PostgreSQL,BackendDeveloper
FastAPI MongoDB Python SQL Docker Django,BackendDeveloper
MongoDB PostgreSQL REST API Django FastAPI Docker,BackendDeveloper
Python Docker PostgreSQL FastAPI,BackendDeveloper
PostgreSQL REST API Flask Docker Django,BackendDeveloper
Docker Python FastAPI REST API,BackendDeveloper
SQL PostgreSQL MongoDB FastAPI Docker,BackendDeveloper
Redis REST API PostgreSQL MongoDB,BackendDeveloper
Python REST API SQL Docker,BackendDeveloper
SQL Docker Flask Python PostgreSQL,BackendDeveloper
REST API Django PostgreSQL MongoDB,BackendDeveloper
SQL REST API Redis Flask Docker,BackendDeveloper
PostgreSQL Redis Flask SQL MongoDB Docker,BackendDeveloper
REST API PostgreSQL Flask Redis,BackendDeveloper
Django Docker Flask PostgreSQL,BackendDeveloper
PostgreSQL Docker SQL Flask REST API,BackendDeveloper
Flask Docker MongoDB Redis Python,BackendDeveloper
MongoDB FastAPI Django SQL PostgreSQL,BackendDeveloper
PostgreSQL MongoDB Redis SQL Flask,BackendDeveloper
Django REST API PostgreSQL Flask,BackendDeveloper
Python Redis REST API Django FastAPI Flask,BackendDeveloper
REST API PostgreSQL Redis FastAPI,BackendDeveloper
REST API PostgreSQL Redis MongoDB,BackendDeveloper
Docker FastAPI Redis SQL Flask Django,BackendDeveloper
PostgreSQL MongoDB Python REST API,BackendDeveloper
FastAPI REST API SQL Redis,BackendDeveloper
Docker FastAPI Redis REST API SQL,BackendDeveloper
Django Flask Python Redis,BackendDeveloper
Redis Docker REST API Flask FastAPI Python,BackendDeveloper
MongoDB Redis REST API PostgreSQL Django,BackendDeveloper
Python FastAPI MongoDB Django SQL Docker,BackendDeveloper
FastAPI Flask Docker REST API Python PostgreSQL,BackendDeveloper
Python Docker PostgreSQL REST API Flask FastAPI,BackendDeveloper
Python Django REST API SQL,BackendDeveloper
Python Flask FastAPI REST API,BackendDeveloper
Docker MongoDB SQL REST API,BackendDeveloper
FastAPI MongoDB REST API Flask Redis,BackendDeveloper
Flask Redis Django Docker,BackendDeveloper
REST API FastAPI PostgreSQL Docker Redis Django,BackendDeveloper
MongoDB Redis Python Django FastAPI Docker,BackendDeveloper
Python Docker REST API PostgreSQL FastAPI Redis,BackendDeveloper
PostgreSQL REST API Redis Docker MongoDB,BackendDeveloper
Redis Python PostgreSQL Flask REST API,BackendDeveloper
MongoDB Flask Redis Python REST API,BackendDeveloper
FastAPI Docker Python PostgreSQL Django MongoDB,BackendDeveloper
REST API MongoDB FastAPI Python,BackendDeveloper
PostgreSQL FastAPI SQL Python Docker,BackendDeveloper
FastAPI SQL Flask REST API Docker MongoDB,BackendDeveloper
Bootstrap NextJS HTML TypeScript JavaScript React,FrontendDeveloper
NextJS JavaScript Tailwind Redux React CSS,FrontendDeveloper
Tailwind React JavaScript CSS Redux NextJS,FrontendDeveloper
Bootstrap Tailwind NextJS Redux,FrontendDeveloper
Bootstrap Tailwind React HTML Redux JavaScript,FrontendDeveloper
CSS Tailwind Redux TypeScript React,FrontendDeveloper
JavaScript Tailwind TypeScript Redux HTML,FrontendDeveloper
CSS NextJS Redux Tailwind,FrontendDeveloper
Bootstrap React Redux CSS Tailwind,FrontendDeveloper
React JavaScript Bootstrap Redux NextJS,FrontendDeveloper
NextJS JavaScript Tailwind Bootstrap,FrontendDeveloper
TypeScript Bootstrap React CSS,FrontendDeveloper
Redux CSS HTML React TypeScript Tailwind,FrontendDeveloper
Bootstrap TypeScript CSS Tailwind,FrontendDeveloper
React JavaScript Redux Tailwind NextJS,FrontendDeveloper
Bootstrap NextJS CSS React TypeScript,FrontendDeveloper
Redux Tailwind CSS Bootstrap TypeScript HTML,FrontendDeveloper
Redux HTML Bootstrap React Tailwind NextJS,FrontendDeveloper
CSS React TypeScript Tailwind,FrontendDeveloper
Bootstrap Tailwind TypeScript React,FrontendDeveloper
NextJS React TypeScript Tailwind,FrontendDeveloper
Tailwind Bootstrap JavaScript Redux TypeScript React,FrontendDeveloper
Redux Bootstrap React Tailwind TypeScript,FrontendDeveloper
Redux CSS JavaScript TypeScript Bootstrap HTML,FrontendDeveloper
React Redux JavaScript Tailwind TypeScript Bootstrap,FrontendDeveloper
CSS Bootstrap NextJS TypeScript Redux,FrontendDeveloper
Bootstrap Redux React JavaScript Tailwind,FrontendDeveloper
Bootstrap NextJS JavaScript TypeScript CSS Tailwind,FrontendDeveloper
Redux TypeScript React Tailwind NextJS,FrontendDeveloper
Bootstrap TypeScript NextJS Tailwind HTML JavaScript,FrontendDeveloper
React NextJS Tailwind TypeScript,FrontendDeveloper
Redux NextJS TypeScript CSS Bootstrap JavaScript,FrontendDeveloper
JavaScript Redux HTML Bootstrap NextJS React,FrontendDeveloper
Bootstrap JavaScript HTML CSS,FrontendDeveloper
CSS Tailwind HTML TypeScript Redux,FrontendDeveloper
JavaScript Bootstrap React TypeScript,FrontendDeveloper
TypeScript HTML NextJS React CSS,FrontendDeveloper
HTML NextJS CSS TypeScript Tailwind Redux,FrontendDeveloper
NextJS HTML TypeScript CSS Tailwind Bootstrap,FrontendDeveloper
Tailwind Bootstrap TypeScript NextJS React JavaScript,FrontendDeveloper
TypeScript NextJS CSS React,FrontendDeveloper
React Bootstrap Tailwind JavaScript CSS,FrontendDeveloper
React Redux JavaScript CSS,FrontendDeveloper
React NextJS Tailwind CSS TypeScript,FrontendDeveloper
Bootstrap TypeScript HTML JavaScript Redux CSS,FrontendDeveloper
HTML NextJS TypeScript CSS,FrontendDeveloper
JavaScript CSS NextJS Redux,FrontendDeveloper
Bootstrap NextJS CSS Tailwind TypeScript,FrontendDeveloper
CSS HTML TypeScript Bootstrap React NextJS,FrontendDeveloper
NextJS React Redux HTML Tailwind,FrontendDeveloper
Tailwind React TypeScript HTML CSS,FrontendDeveloper
TypeScript NextJS JavaScript Tailwind HTML Redux,FrontendDeveloper
Tailwind Bootstrap React Redux,FrontendDeveloper
JavaScript TypeScript React NextJS Redux,FrontendDeveloper
Bootstrap NextJS Tailwind HTML,FrontendDeveloper
NextJS TypeScript HTML CSS JavaScript Tailwind,FrontendDeveloper
Tailwind Bootstrap CSS JavaScript,FrontendDeveloper
Redux NextJS TypeScript Bootstrap,FrontendDeveloper
Tailwind Redux TypeScript Bootstrap,FrontendDeveloper
TypeScript NextJS Tailwind JavaScript Redux,FrontendDeveloper
CSS React Tailwind TypeScript JavaScript,FrontendDeveloper
TypeScript NextJS Redux React,FrontendDeveloper
Tailwind HTML JavaScript CSS NextJS,FrontendDeveloper
React CSS NextJS HTML,FrontendDeveloper
JavaScript CSS Bootstrap React Redux,FrontendDeveloper
TypeScript HTML CSS Bootstrap JavaScript,FrontendDeveloper
CSS Tailwind Redux TypeScript Bootstrap,FrontendDeveloper
Tailwind HTML React Bootstrap TypeScript,FrontendDeveloper
Tailwind HTML CSS JavaScript React,FrontendDeveloper
JavaScript Tailwind Redux React,FrontendDeveloper
Bootstrap NextJS HTML TypeScript React CSS,FrontendDeveloper
Redux TypeScript React JavaScript Bootstrap HTML,FrontendDeveloper
TypeScript NextJS Bootstrap JavaScript CSS,FrontendDeveloper
Bootstrap TypeScript Redux Tailwind,FrontendDeveloper
Redux CSS TypeScript NextJS Tailwind Bootstrap,FrontendDeveloper
CSS HTML Redux React TypeScript,FrontendDeveloper
JavaScript Redux Bootstrap TypeScript CSS,FrontendDeveloper
HTML Bootstrap TypeScript JavaScript Tailwind,FrontendDeveloper
HTML React CSS TypeScript,FrontendDeveloper
TypeScript CSS NextJS Redux HTML React,FrontendDeveloper
NodeJS REST API MongoDB PostgreSQL,FullStackDeveloper
Express MongoDB NodeJS REST API React PostgreSQL,FullStackDeveloper
JavaScript Express REST API MongoDB TypeScript Docker,FullStackDeveloper
Docker MongoDB TypeScript PostgreSQL,FullStackDeveloper
NodeJS JavaScript Express Docker TypeScript MongoDB,FullStackDeveloper
REST API MongoDB Express NodeJS,FullStackDeveloper
Express JavaScript React Docker NodeJS,FullStackDeveloper
JavaScript React PostgreSQL Docker Express,FullStackDeveloper
NodeJS TypeScript Docker JavaScript REST API,FullStackDeveloper
JavaScript PostgreSQL Express MongoDB React TypeScript,FullStackDeveloper
Express TypeScript JavaScript React REST API PostgreSQL,FullStackDeveloper
Express Docker NodeJS JavaScript PostgreSQL,FullStackDeveloper
MongoDB TypeScript JavaScript React PostgreSQL,FullStackDeveloper
MongoDB React JavaScript NodeJS,FullStackDeveloper
Express NodeJS Docker TypeScript PostgreSQL React,FullStackDeveloper
NodeJS REST API Docker MongoDB React Express,FullStackDeveloper
JavaScript REST API TypeScript Docker,FullStackDeveloper
TypeScript Docker PostgreSQL Express JavaScript,FullStackDeveloper
PostgreSQL REST API Express NodeJS React,FullStackDeveloper
React REST API Express JavaScript PostgreSQL TypeScript,FullStackDeveloper
REST API JavaScript Express TypeScript React MongoDB,FullStackDeveloper
Express PostgreSQL React MongoDB,FullStackDeveloper
JavaScript TypeScript React NodeJS,FullStackDeveloper
JavaScript NodeJS Express PostgreSQL,FullStackDeveloper
React PostgreSQL NodeJS Docker Express REST API,FullStackDeveloper
REST API Docker PostgreSQL TypeScript MongoDB,FullStackDeveloper
TypeScript JavaScript React MongoDB,FullStackDeveloper
PostgreSQL Express React Docker TypeScript,FullStackDeveloper
PostgreSQL TypeScript NodeJS Docker,FullStackDeveloper
React NodeJS TypeScript MongoDB,FullStackDeveloper
React NodeJS REST API TypeScript Docker Express,FullStackDeveloper
JavaScript MongoDB NodeJS Docker TypeScript,FullStackDeveloper
Docker JavaScript REST API Express React,FullStackDeveloper
NodeJS React MongoDB Docker REST API JavaScript,FullStackDeveloper
NodeJS MongoDB React TypeScript Docker,FullStackDeveloper
React MongoDB PostgreSQL Docker NodeJS,FullStackDeveloper
Docker PostgreSQL React Express MongoDB,FullStackDeveloper
Docker PostgreSQL MongoDB TypeScript REST API React,FullStackDeveloper
MongoDB Docker Express TypeScript,FullStackDeveloper
MongoDB Express REST API NodeJS,FullStackDeveloper
PostgreSQL Docker TypeScript REST API,FullStackDeveloper
TypeScript REST API NodeJS JavaScript React Docker,FullStackDeveloper
REST API TypeScript PostgreSQL React Express MongoDB,FullStackDeveloper
MongoDB PostgreSQL NodeJS Docker,FullStackDeveloper
JavaScript PostgreSQL NodeJS Express React MongoDB,FullStackDeveloper
JavaScript Docker MongoDB REST API TypeScript,FullStackDeveloper
Express NodeJS React Docker,FullStackDeveloper
React Express JavaScript MongoDB,FullStackDeveloper
MongoDB REST API PostgreSQL Express,FullStackDeveloper
TypeScript React Docker JavaScript NodeJS MongoDB,FullStackDeveloper
React NodeJS JavaScript TypeScript REST API,FullStackDeveloper
TypeScript PostgreSQL MongoDB REST API Express,FullStackDeveloper
TypeScript Express JavaScript Docker,FullStackDeveloper
MongoDB NodeJS REST API JavaScript PostgreSQL,FullStackDeveloper
MongoDB JavaScript PostgreSQL Docker,FullStackDeveloper
Docker PostgreSQL Express React NodeJS,FullStackDeveloper
TypeScript NodeJS MongoDB JavaScript Express Docker,FullStackDeveloper
React Express MongoDB PostgreSQL,FullStackDeveloper
Express NodeJS MongoDB PostgreSQL,FullStackDeveloper
TypeScript MongoDB REST API PostgreSQL,FullStackDeveloper
PostgreSQL NodeJS JavaScript Docker,FullStackDeveloper
JavaScript NodeJS PostgreSQL Docker Express React,FullStackDeveloper
MongoDB REST API TypeScript JavaScript PostgreSQL,FullStackDeveloper
Docker NodeJS MongoDB TypeScript JavaScript,FullStackDeveloper
REST API Express Docker TypeScript PostgreSQL MongoDB,FullStackDeveloper
Express React REST API PostgreSQL TypeScript MongoDB,FullStackDeveloper
MongoDB React TypeScript NodeJS JavaScript,FullStackDeveloper
MongoDB Docker Express NodeJS,FullStackDeveloper
PostgreSQL MongoDB TypeScript JavaScript,FullStackDeveloper
TypeScript Express Docker JavaScript MongoDB,FullStackDeveloper
PostgreSQL JavaScript Express REST API TypeScript,FullStackDeveloper
Docker REST API Express React JavaScript NodeJS,FullStackDeveloper
NodeJS Docker JavaScript React Express,FullStackDeveloper
NodeJS Docker MongoDB REST API,FullStackDeveloper
TypeScript MongoDB React PostgreSQL JavaScript NodeJS,FullStackDeveloper
REST API Express React Docker,FullStackDeveloper
React REST API NodeJS PostgreSQL MongoDB JavaScript,FullStackDeveloper
REST API MongoDB React JavaScript,FullStackDeveloper
NodeJS TypeScript REST API JavaScript MongoDB Docker,FullStackDeveloper
PostgreSQL JavaScript React Express,FullStackDeveloper
FAISS TensorFlow ComputerVision Transformers PyTorch NLP,AIEngineer
Python NLP FAISS MachineLearning DeepLearning,AIEngineer
ComputerVision Python TensorFlow DeepLearning Transformers LangChain,AIEngineer
PyTorch MachineLearning LangChain NLP,AIEngineer
Transformers ComputerVision FAISS DeepLearning TensorFlow NLP,AIEngineer
TensorFlow NLP PyTorch LangChain ComputerVision,AIEngineer
DeepLearning MachineLearning NLP ComputerVision,AIEngineer
DeepLearning TensorFlow PyTorch NLP MachineLearning,AIEngineer
FAISS NLP Transformers DeepLearning Python,AIEngineer
Transformers LangChain MachineLearning Python PyTorch DeepLearning,AIEngineer
PyTorch NLP MachineLearning ComputerVision DeepLearning Transformers,AIEngineer
LangChain PyTorch DeepLearning MachineLearning,AIEngineer
NLP DeepLearning TensorFlow Python,AIEngineer
PyTorch FAISS Transformers NLP LangChain DeepLearning,AIEngineer
LangChain NLP TensorFlow Python,AIEngineer
PyTorch ComputerVision FAISS TensorFlow DeepLearning,AIEngineer
Transformers DeepLearning FAISS PyTorch Python MachineLearning,AIEngineer
PyTorch Transformers DeepLearning TensorFlow MachineLearning,AIEngineer
MachineLearning PyTorch DeepLearning Transformers ComputerVision TensorFlow,AIEngineer
Transformers TensorFlow DeepLearning PyTorch NLP ComputerVision,AIEngineer
TensorFlow MachineLearning PyTorch Transformers NLP LangChain,AIEngineer
MachineLearning LangChain Python Transformers,AIEngineer
TensorFlow LangChain PyTorch FAISS NLP Python,AIEngineer
TensorFlow LangChain PyTorch MachineLearning,AIEngineer
FAISS Transformers PyTorch NLP DeepLearning,AIEngineer
PyTorch NLP TensorFlow DeepLearning,AIEngineer
LangChain MachineLearning NLP TensorFlow Python,AIEngineer
NLP TensorFlow PyTorch Transformers DeepLearning LangChain,AIEngineer
ComputerVision DeepLearning PyTorch Transformers,AIEngineer
FAISS MachineLearning Transformers NLP,AIEngineer
ComputerVision DeepLearning FAISS Python NLP LangChain,AIEngineer
NLP FAISS ComputerVision PyTorch,AIEngineer
PyTorch Transformers NLP LangChain,AIEngineer
ComputerVision DeepLearning MachineLearning PyTorch FAISS NLP,AIEngineer
MachineLearning ComputerVision Transformers LangChain FAISS,AIEngineer
ComputerVision FAISS NLP Python LangChain DeepLearning,AIEngineer
Python ComputerVision PyTorch FAISS NLP DeepLearning,AIEngineer
MachineLearning DeepLearning Python FAISS ComputerVision,AIEngineer
LangChain MachineLearning FAISS NLP PyTorch,AIEngineer
TensorFlow DeepLearning MachineLearning LangChain,AIEngineer
NLP DeepLearning ComputerVision FAISS Transformers Python,AIEngineer
LangChain TensorFlow FAISS DeepLearning MachineLearning PyTorch,AIEngineer
TensorFlow LangChain PyTorch ComputerVision,AIEngineer
Python DeepLearning LangChain PyTorch NLP MachineLearning,AIEngineer
Python ComputerVision FAISS NLP Transformers,AIEngineer
TensorFlow ComputerVision Python DeepLearning Transformers,AIEngineer
TensorFlow Transformers Python DeepLearning PyTorch MachineLearning,AIEngineer
PyTorch Transformers LangChain TensorFlow Python FAISS,AIEngineer
PyTorch LangChain NLP DeepLearning,AIEngineer
PyTorch DeepLearning Python Transformers,AIEngineer
PyTorch DeepLearning NLP Python,AIEngineer
ComputerVision NLP DeepLearning Transformers LangChain,AIEngineer
Python NLP PyTorch TensorFlow Transformers ComputerVision,AIEngineer
PyTorch LangChain MachineLearning ComputerVision,AIEngineer
Python MachineLearning DeepLearning LangChain,AIEngineer
NLP DeepLearning MachineLearning PyTorch ComputerVision Transformers,AIEngineer
PyTorch DeepLearning MachineLearning LangChain FAISS TensorFlow,AIEngineer
LangChain Transformers TensorFlow MachineLearning DeepLearning,AIEngineer
Python NLP MachineLearning TensorFlow Transformers,AIEngineer
LangChain ComputerVision DeepLearning FAISS MachineLearning NLP,AIEngineer
Transformers NLP PyTorch TensorFlow Python,AIEngineer
NLP Python LangChain ComputerVision,AIEngineer
DeepLearning ComputerVision NLP LangChain,AIEngineer
Transformers Python LangChain TensorFlow NLP,AIEngineer
Transformers MachineLearning DeepLearning Python FAISS TensorFlow,AIEngineer
PyTorch Transformers TensorFlow Python MachineLearning,AIEngineer
NLP Python PyTorch DeepLearning,AIEngineer
NLP DeepLearning Transformers FAISS ComputerVision MachineLearning,AIEngineer
MachineLearning LangChain DeepLearning ComputerVision,AIEngineer
NLP Transformers FAISS LangChain ComputerVision,AIEngineer
FAISS PyTorch ComputerVision Python MachineLearning TensorFlow,AIEngineer
TensorFlow LangChain FAISS Transformers,AIEngineer
LangChain PyTorch NLP FAISS Transformers DeepLearning,AIEngineer
LangChain ComputerVision NLP DeepLearning,AIEngineer
LangChain NLP FAISS Transformers DeepLearning TensorFlow,AIEngineer
Python Transformers MachineLearning DeepLearning,AIEngineer
Transformers MachineLearning PyTorch FAISS,AIEngineer
PyTorch ComputerVision NLP MachineLearning Transformers,AIEngineer
Python DeepLearning FAISS TensorFlow PyTorch,AIEngineer
DeepLearning MachineLearning PyTorch TensorFlow NLP,AIEngineer
Python Statistics Research MachineLearning,DataScientist
Visualization Python Statistics Pandas,DataScientist
Statistics ScikitLearn Python Pandas DataMining Research,DataScientist
NumPy DataMining Statistics Research,DataScientist
NumPy DataMining MachineLearning Statistics,DataScientist
NumPy Visualization Pandas Python,DataScientist
Statistics DataMining NumPy Python,DataScientist
DataMining MachineLearning Statistics Visualization Pandas,DataScientist
Python MachineLearning Visualization Pandas Research,DataScientist
NumPy Statistics Visualization Pandas Research,DataScientist
ScikitLearn Python NumPy Visualization Statistics,DataScientist
NumPy DataMining Python ScikitLearn,DataScientist
MachineLearning NumPy ScikitLearn Statistics,DataScientist
NumPy ScikitLearn DataMining Visualization Statistics Research,DataScientist
DataMining Research Visualization Python ScikitLearn Pandas,DataScientist
NumPy Statistics Research ScikitLearn DataMining,DataScientist
Python Visualization DataMining ScikitLearn,DataScientist
Python Statistics MachineLearning Pandas DataMining Visualization,DataScientist
NumPy ScikitLearn Research Python,DataScientist
Visualization NumPy DataMining Pandas ScikitLearn Python,DataScientist
Pandas DataMining Statistics MachineLearning NumPy ScikitLearn,DataScientist
Statistics Research Pandas MachineLearning Visualization ScikitLearn,DataScientist
NumPy MachineLearning DataMining Visualization Statistics Research,DataScientist
Pandas NumPy DataMining MachineLearning Visualization,DataScientist
Pandas ScikitLearn NumPy MachineLearning DataMining Statistics,DataScientist
ScikitLearn Visualization NumPy Statistics,DataScientist
Python Research Pandas MachineLearning NumPy,DataScientist
Research MachineLearning NumPy ScikitLearn Python Visualization,DataScientist
NumPy Visualization ScikitLearn Research,DataScientist
Statistics NumPy Visualization Python,DataScientist
Statistics MachineLearning ScikitLearn NumPy,DataScientist
Research NumPy Python Statistics,DataScientist
NumPy Research Python MachineLearning Statistics,DataScientist
Python ScikitLearn MachineLearning Visualization NumPy,DataScientist
DataMining Statistics NumPy ScikitLearn Python Pandas,DataScientist
Pandas NumPy DataMining Visualization ScikitLearn MachineLearning,DataScientist
Python Pandas Visualization ScikitLearn Statistics,DataScientist
Python NumPy Pandas ScikitLearn,DataScientist
MachineLearning NumPy Statistics ScikitLearn,DataScientist
Research Statistics Python Pandas NumPy ScikitLearn,DataScientist
Research NumPy Pandas DataMining,DataScientist
Visualization DataMining ScikitLearn Statistics,DataScientist
Research Pandas Python Statistics,DataScientist
Python Statistics Research DataMining MachineLearning Visualization,DataScientist
Statistics Python MachineLearning Visualization Research,DataScientist
Python DataMining NumPy MachineLearning,DataScientist
Statistics DataMining Visualization ScikitLearn Research,DataScientist
Pandas Python Visualization ScikitLearn Statistics NumPy,DataScientist
Pandas Statistics DataMining Visualization ScikitLearn,DataScientist
ScikitLearn DataMining Statistics Visualization,DataScientist
DataMining Python ScikitLearn MachineLearning,DataScientist
Statistics ScikitLearn Pandas Visualization Research,DataScientist
Statistics NumPy Pandas Python Visualization MachineLearning,DataScientist
Visualization Research DataMining Statistics NumPy,DataScientist
Python NumPy MachineLearning Visualization ScikitLearn,DataScientist
DataMining ScikitLearn Statistics Python Visualization,DataScientist
DataMining Pandas ScikitLearn Python,DataScientist
Pandas Research Python MachineLearning Visualization,DataScientist
Research DataMining Visualization Statistics MachineLearning,DataScientist
Python Statistics Pandas Visualization ScikitLearn Research,DataScientist
MachineLearning DataMining Pandas ScikitLearn Python Visualization,DataScientist
NumPy Statistics Pandas ScikitLearn Visualization DataMining,DataScientist
ScikitLearn Visualization NumPy Pandas DataMining Python,DataScientist
MachineLearning NumPy Visualization Research,DataScientist
Pandas NumPy MachineLearning DataMining Statistics ScikitLearn,DataScientist
Research Pandas Visualization NumPy,DataScientist
Research Pandas Statistics DataMining,DataScientist
Research Python Statistics Visualization ScikitLearn Pandas,DataScientist
MachineLearning NumPy Research DataMining,DataScientist
Visualization ScikitLearn Python Statistics,DataScientist
NumPy Visualization DataMining ScikitLearn MachineLearning,DataScientist
Visualization Research DataMining Statistics Python,DataScientist
Research DataMining Pandas Python NumPy Visualization,DataScientist
DataMining Python Pandas MachineLearning Visualization Research,DataScientist
Visualization Research Statistics MachineLearning,DataScientist
Research Visualization Pandas Python ScikitLearn,DataScientist
Visualization Python Pandas DataMining ScikitLearn Research,DataScientist
Visualization Statistics DataMining Research Pandas MachineLearning,DataScientist
Visualization NumPy Research DataMining MachineLearning,DataScientist
Research Statistics ScikitLearn Python Visualization MachineLearning,DataScientist
SQL Statistics Excel Tableau,DataAnalyst
Reporting Pandas PowerBI Tableau,DataAnalyst
Tableau Pandas Reporting Statistics,DataAnalyst
Pandas Excel PowerBI Reporting,DataAnalyst
SQL PowerBI Excel Reporting Tableau,DataAnalyst
DataVisualization Tableau Reporting SQL,DataAnalyst
Tableau Pandas Reporting SQL,DataAnalyst
Excel Statistics Reporting PowerBI DataVisualization,DataAnalyst
DataVisualization Tableau Reporting SQL,DataAnalyst
PowerBI DataVisualization Pandas Reporting SQL,DataAnalyst
Pandas Reporting Statistics DataVisualization PowerBI Tableau,DataAnalyst
PowerBI Reporting Pandas Tableau DataVisualization SQL,DataAnalyst
Statistics Pandas PowerBI Tableau DataVisualization,DataAnalyst
Statistics Excel Reporting Pandas Tableau,DataAnalyst
Statistics SQL Excel DataVisualization,DataAnalyst
Reporting Statistics Excel Pandas DataVisualization,DataAnalyst
Excel DataVisualization Statistics SQL Reporting PowerBI,DataAnalyst
Statistics Tableau PowerBI DataVisualization,DataAnalyst
Statistics Tableau Excel SQL,DataAnalyst
Statistics Reporting Tableau Pandas,DataAnalyst
Statistics Tableau DataVisualization Reporting Excel Pandas,DataAnalyst
SQL Pandas Statistics Reporting DataVisualization,DataAnalyst
Statistics Pandas Tableau PowerBI Reporting Excel,DataAnalyst
PowerBI Pandas SQL Tableau Excel,DataAnalyst
Pandas SQL DataVisualization Statistics,DataAnalyst
Pandas SQL Excel Reporting,DataAnalyst
Tableau Reporting SQL Statistics,DataAnalyst
SQL PowerBI Pandas Excel Statistics,DataAnalyst
Statistics Excel Tableau SQL DataVisualization,DataAnalyst
Excel Tableau Reporting Statistics PowerBI SQL,DataAnalyst
DataVisualization Pandas Excel Statistics,DataAnalyst
Reporting Statistics PowerBI SQL DataVisualization Tableau,DataAnalyst
Statistics Pandas SQL Tableau,DataAnalyst
Statistics PowerBI SQL Excel DataVisualization,DataAnalyst
Reporting Tableau PowerBI SQL Pandas DataVisualization,DataAnalyst
Reporting PowerBI SQL DataVisualization Tableau,DataAnalyst
DataVisualization PowerBI Statistics SQL,DataAnalyst
DataVisualization Excel Tableau PowerBI,DataAnalyst
Reporting Pandas PowerBI Tableau Statistics Excel,DataAnalyst
DataVisualization Reporting Excel Pandas SQL PowerBI,DataAnalyst
PowerBI SQL Pandas DataVisualization Tableau Statistics,DataAnalyst
Tableau SQL DataVisualization PowerBI,DataAnalyst
Excel Tableau Pandas SQL,DataAnalyst
Tableau PowerBI Reporting Pandas DataVisualization SQL,DataAnalyst
Reporting Statistics Tableau PowerBI DataVisualization,DataAnalyst
Excel SQL PowerBI Reporting,DataAnalyst
Excel Reporting Pandas DataVisualization,DataAnalyst
Reporting SQL DataVisualization Pandas Statistics Excel,DataAnalyst
PowerBI Excel SQL DataVisualization Statistics,DataAnalyst
DataVisualization SQL PowerBI Excel Statistics,DataAnalyst
DataVisualization Statistics Pandas PowerBI,DataAnalyst
DataVisualization Pandas SQL Statistics,DataAnalyst
Excel Reporting Statistics Tableau DataVisualization,DataAnalyst
Statistics Tableau Pandas PowerBI DataVisualization,DataAnalyst
SQL Reporting Statistics Tableau Excel Pandas,DataAnalyst
SQL PowerBI Statistics Excel DataVisualization,DataAnalyst
Reporting Pandas SQL DataVisualization,DataAnalyst
Reporting Pandas DataVisualization Tableau Statistics,DataAnalyst
SQL Reporting PowerBI Tableau,DataAnalyst
Statistics DataVisualization Pandas PowerBI,DataAnalyst
PowerBI Excel Reporting Statistics DataVisualization SQL,DataAnalyst
Excel Statistics SQL Reporting,DataAnalyst
PowerBI Tableau Excel Pandas SQL,DataAnalyst
Pandas DataVisualization Tableau SQL PowerBI Reporting,DataAnalyst
Reporting Pandas PowerBI Statistics Tableau SQL,DataAnalyst
SQL Statistics Tableau Excel DataVisualization,DataAnalyst
Tableau PowerBI Reporting SQL,DataAnalyst
Pandas Reporting Statistics PowerBI Tableau,DataAnalyst
Reporting PowerBI Tableau Excel Statistics SQL,DataAnalyst
PowerBI Statistics Reporting Excel,DataAnalyst
Tableau DataVisualization Pandas Excel,DataAnalyst
Reporting SQL Pandas DataVisualization PowerBI,DataAnalyst
Pandas Tableau DataVisualization PowerBI Excel,DataAnalyst
Reporting Statistics SQL Tableau PowerBI,DataAnalyst
Pandas Statistics PowerBI Reporting Tableau,DataAnalyst
Reporting Pandas DataVisualization SQL PowerBI Excel,DataAnalyst
Reporting Statistics Pandas PowerBI DataVisualization SQL,DataAnalyst
DataVisualization PowerBI Tableau Pandas,DataAnalyst
Tableau Statistics Pandas Excel Reporting,DataAnalyst
Pandas Excel Reporting SQL Tableau,DataAnalyst
Flutter ReactNative Firebase Kotlin Dart,MobileDeveloper
Kotlin Swift Android Flutter Dart,MobileDeveloper
Android Firebase ReactNative Dart Java,MobileDeveloper
Swift Java Kotlin ReactNative Flutter,MobileDeveloper
Java Android Firebase ReactNative,MobileDeveloper
ReactNative Flutter Firebase Swift Android,MobileDeveloper
Firebase Java ReactNative Kotlin,MobileDeveloper
Dart Flutter ReactNative Android Kotlin Firebase,MobileDeveloper
Dart Firebase Java Android,MobileDeveloper
Flutter Dart Swift Firebase Android,MobileDeveloper
Flutter Firebase Java ReactNative Swift,MobileDeveloper
Firebase ReactNative Kotlin Android Swift,MobileDeveloper
Java Firebase Swift Flutter,MobileDeveloper
Android Swift Flutter Java,MobileDeveloper
Swift Firebase Java Dart Kotlin,MobileDeveloper
Android Java Swift ReactNative Flutter,MobileDeveloper
ReactNative Kotlin Java Flutter Android,MobileDeveloper
ReactNative Firebase Android Dart Kotlin Java,MobileDeveloper
ReactNative Swift Dart Kotlin,MobileDeveloper
ReactNative Dart Firebase Swift,MobileDeveloper
Swift Flutter Dart Android Kotlin ReactNative,MobileDeveloper
Firebase Flutter ReactNative Kotlin,MobileDeveloper
Kotlin Flutter Swift Firebase Dart ReactNative,MobileDeveloper
ReactNative Kotlin Android Swift Java,MobileDeveloper
Dart Java Android Firebase ReactNative,MobileDeveloper
Dart Kotlin Swift Java Flutter,MobileDeveloper
Kotlin Swift Firebase ReactNative Dart,MobileDeveloper
Android Flutter Kotlin Dart,MobileDeveloper
Dart Android Flutter Firebase ReactNative Java,MobileDeveloper
Flutter Firebase Dart Android ReactNative Swift,MobileDeveloper
Swift Flutter Kotlin Firebase,MobileDeveloper
Flutter ReactNative Kotlin Android,MobileDeveloper
Kotlin Swift Firebase ReactNative Dart,MobileDeveloper
Swift Android Dart Kotlin Firebase ReactNative,MobileDeveloper
Flutter Kotlin ReactNative Dart Android,MobileDeveloper
ReactNative Firebase Android Flutter Swift,MobileDeveloper
Swift Android Firebase Kotlin ReactNative Dart,MobileDeveloper
Flutter Dart Swift Firebase,MobileDeveloper
Dart Firebase Flutter Swift Kotlin Android,MobileDeveloper
Firebase ReactNative Java Android Dart,MobileDeveloper
Java ReactNative Kotlin Android,MobileDeveloper
ReactNative Dart Android Kotlin Flutter,MobileDeveloper
ReactNative Android Firebase Dart,MobileDeveloper
Flutter Android Swift Dart ReactNative Java,MobileDeveloper
Kotlin ReactNative Android Dart Java,MobileDeveloper
Swift Dart Flutter Kotlin Android,MobileDeveloper
ReactNative Flutter Swift Android Firebase,MobileDeveloper
Java Android Firebase ReactNative Swift Dart,MobileDeveloper
Dart Firebase ReactNative Java,MobileDeveloper
Android Swift Dart Flutter,MobileDeveloper
Firebase ReactNative Java Dart Flutter Android,MobileDeveloper
Kotlin Firebase Dart Swift ReactNative Android,MobileDeveloper
Firebase ReactNative Dart Swift Java,MobileDeveloper
Firebase Dart Android Kotlin,MobileDeveloper
Android Firebase Flutter Swift ReactNative Dart,MobileDeveloper
Dart Java ReactNative Firebase,MobileDeveloper
Dart Java Swift Flutter Android Firebase,MobileDeveloper
Flutter Dart Android ReactNative Swift,MobileDeveloper
Flutter Dart ReactNative Android,MobileDeveloper
Swift Kotlin Android Flutter ReactNative,MobileDeveloper
Firebase Kotlin Android Swift Flutter,MobileDeveloper
ReactNative Java Flutter Dart Swift Android,MobileDeveloper
Swift Java Firebase ReactNative Flutter,MobileDeveloper
ReactNative Firebase Flutter Android Dart,MobileDeveloper
Dart ReactNative Java Swift Firebase Android,MobileDeveloper
Dart Android Kotlin Flutter Swift Java,MobileDeveloper
Swift Java Firebase Kotlin Android,MobileDeveloper
Java Dart Swift ReactNative Kotlin Firebase,MobileDeveloper
Android Firebase Java Flutter,MobileDeveloper
Java Swift Kotlin Android Flutter Dart,MobileDeveloper
Dart Kotlin Java ReactNative,MobileDeveloper
Firebase Java Android Flutter,MobileDeveloper
Flutter Dart ReactNative Java Kotlin Swift,MobileDeveloper
Firebase Flutter Android Kotlin Java ReactNative,MobileDeveloper
Swift Firebase Dart Kotlin,MobileDeveloper
Kotlin Firebase Android ReactNative,MobileDeveloper
Kotlin Swift Dart Firebase,MobileDeveloper
Kotlin ReactNative Flutter Java Android,MobileDeveloper
Firebase ReactNative Swift Flutter,MobileDeveloper
ReactNative Android Firebase Swift,MobileDeveloper
Linux Terraform Monitoring AWS Kubernetes Docker,DevOpsEngineer
Monitoring Jenkins Docker Linux Terraform Azure,DevOpsEngineer
AWS Kubernetes Monitoring Docker,DevOpsEngineer
Linux AWS Azure Docker Monitoring,DevOpsEngineer
Docker AWS Jenkins CI/CD,DevOpsEngineer
Docker Azure Kubernetes Linux,DevOpsEngineer
Jenkins Linux AWS Monitoring,DevOpsEngineer
CI/CD Monitoring Kubernetes Terraform Azure,DevOpsEngineer
AWS CI/CD Azure Terraform Docker,DevOpsEngineer
Linux CI/CD Terraform Monitoring,DevOpsEngineer
Azure Monitoring Terraform CI/CD,DevOpsEngineer
Monitoring Docker AWS Terraform,DevOpsEngineer
Docker AWS Azure Terraform,DevOpsEngineer
Monitoring Terraform Docker Kubernetes Azure,DevOpsEngineer
Kubernetes CI/CD Docker Linux Azure Terraform,DevOpsEngineer
Linux Kubernetes Azure Docker,DevOpsEngineer
Jenkins Kubernetes Azure AWS Monitoring,DevOpsEngineer
Jenkins Kubernetes Docker AWS Linux Monitoring,DevOpsEngineer
AWS Jenkins Linux Azure,DevOpsEngineer
Kubernetes Monitoring AWS CI/CD Docker Azure,DevOpsEngineer
Docker AWS Terraform Azure,DevOpsEngineer
Linux Terraform Jenkins Monitoring Kubernetes Docker,DevOpsEngineer
Kubernetes Linux CI/CD Monitoring AWS Jenkins,DevOpsEngineer
Linux Monitoring CI/CD AWS,DevOpsEngineer
Docker Monitoring Terraform Azure Linux,DevOpsEngineer
Terraform Azure AWS Kubernetes Linux CI/CD,DevOpsEngineer
Azure Monitoring Jenkins AWS,DevOpsEngineer
Jenkins Kubernetes Terraform CI/CD Linux Docker,DevOpsEngineer
Terraform Jenkins AWS Kubernetes,DevOpsEngineer
Terraform Jenkins Kubernetes Azure,DevOpsEngineer
Monitoring Azure Kubernetes Docker CI/CD,DevOpsEngineer
Docker Jenkins Terraform Monitoring Linux Kubernetes,DevOpsEngineer
Kubernetes AWS Monitoring Terraform Docker Azure,DevOpsEngineer
Jenkins Azure Docker Monitoring Kubernetes CI/CD,DevOpsEngineer
Monitoring Azure Jenkins Terraform,DevOpsEngineer
Linux Docker Jenkins Azure CI/CD,DevOpsEngineer
CI/CD Docker Linux AWS Terraform Kubernetes,DevOpsEngineer
Jenkins Linux Docker AWS,DevOpsEngineer
Linux AWS Terraform CI/CD Monitoring,DevOpsEngineer
Terraform Azure Monitoring Jenkins AWS Docker,DevOpsEngineer
Terraform AWS CI/CD Docker Monitoring Jenkins,DevOpsEngineer
Terraform Jenkins Docker CI/CD Azure,DevOpsEngineer
Terraform Linux Jenkins Azure,DevOpsEngineer
Monitoring Azure CI/CD AWS Jenkins,DevOpsEngineer
Terraform Kubernetes AWS Linux CI/CD,DevOpsEngineer
CI/CD Azure AWS Docker Kubernetes,DevOpsEngineer
AWS Kubernetes Jenkins CI/CD,DevOpsEngineer
Monitoring Kubernetes AWS Jenkins Linux Azure,DevOpsEngineer
Jenkins Azure Monitoring Kubernetes,DevOpsEngineer
Terraform Jenkins Azure AWS Docker,DevOpsEngineer
Terraform Docker CI/CD Azure,DevOpsEngineer
AWS Jenkins CI/CD Monitoring Kubernetes,DevOpsEngineer
Azure Jenkins Monitoring CI/CD Linux Kubernetes,DevOpsEngineer
Monitoring AWS Docker CI/CD Jenkins Linux,DevOpsEngineer
Docker AWS Linux Monitoring Kubernetes,DevOpsEngineer
Docker Jenkins AWS CI/CD Azure,DevOpsEngineer
Terraform Azure CI/CD Docker Monitoring AWS,DevOpsEngineer
Jenkins Kubernetes Linux Terraform Monitoring Azure,DevOpsEngineer
Terraform Kubernetes Azure Linux,DevOpsEngineer
Linux Terraform Kubernetes Azure AWS CI/CD,DevOpsEngineer
AWS Docker Terraform Jenkins CI/CD,DevOpsEngineer
CI/CD Terraform Azure AWS Kubernetes,DevOpsEngineer
Terraform AWS Kubernetes Azure,DevOpsEngineer
Monitoring CI/CD Azure AWS,DevOpsEngineer
AWS CI/CD Kubernetes Jenkins Monitoring Terraform,DevOpsEngineer
Jenkins CI/CD Linux Monitoring,DevOpsEngineer
CI/CD Azure AWS Terraform Kubernetes Monitoring,DevOpsEngineer
Jenkins Linux Monitoring AWS,DevOpsEngineer
Monitoring Terraform Linux Docker,DevOpsEngineer
Azure Jenkins Monitoring Terraform Linux Docker,DevOpsEngineer
Monitoring Jenkins Terraform Docker Linux Azure,DevOpsEngineer
Linux Jenkins AWS Azure Terraform,DevOpsEngineer
AWS Jenkins Terraform Azure,DevOpsEngineer
Terraform Docker Kubernetes CI/CD,DevOpsEngineer
Monitoring Jenkins CI/CD Kubernetes Azure Terraform,DevOpsEngineer
Azure Monitoring Docker CI/CD AWS Kubernetes,DevOpsEngineer
Docker Linux Kubernetes AWS Jenkins Terraform,DevOpsEngineer
Terraform Kubernetes Docker Monitoring Linux AWS,DevOpsEngineer
CI/CD Azure Linux Monitoring Jenkins Kubernetes,DevOpsEngineer
Docker Terraform Linux Jenkins Azure AWS,DevOpsEngineer
Networking Terraform Docker GCP,CloudEngineer
GCP AWS Kubernetes Networking Terraform,CloudEngineer
Networking Kubernetes Azure Docker CloudSecurity,CloudEngineer
GCP Terraform Kubernetes CloudSecurity Networking,CloudEngineer
Docker CloudSecurity Networking Azure,CloudEngineer
Terraform Networking CloudSecurity Kubernetes AWS,CloudEngineer
Docker Networking AWS Terraform CloudSecurity Kubernetes,CloudEngineer
Kubernetes Networking AWS Docker,CloudEngineer
Terraform Azure AWS Docker Kubernetes,CloudEngineer
Kubernetes GCP AWS Azure,CloudEngineer
Terraform Kubernetes CloudSecurity Networking Docker,CloudEngineer
Azure CloudSecurity Terraform Docker,CloudEngineer
Azure AWS GCP Terraform CloudSecurity,CloudEngineer
Terraform CloudSecurity Kubernetes AWS,CloudEngineer
AWS Networking CloudSecurity Terraform,CloudEngineer
GCP Kubernetes Docker Terraform CloudSecurity,CloudEngineer
Docker Networking GCP Kubernetes CloudSecurity,CloudEngineer
AWS Docker Terraform GCP,CloudEngineer
Networking GCP CloudSecurity Terraform Docker,CloudEngineer
Azure Docker CloudSecurity GCP AWS Kubernetes,CloudEngineer
GCP Networking AWS CloudSecurity Docker,CloudEngineer
Networking AWS Terraform Azure,CloudEngineer
GCP Networking AWS Azure Kubernetes Docker,CloudEngineer
AWS Kubernetes Networking CloudSecurity Terraform Azure,CloudEngineer
CloudSecurity Docker Terraform Kubernetes,CloudEngineer
Networking Docker Azure Terraform AWS,CloudEngineer
Azure CloudSecurity Terraform Networking GCP Docker,CloudEngineer
Networking Azure GCP Docker CloudSecurity,CloudEngineer
Kubernetes CloudSecurity AWS Networking,CloudEngineer
AWS GCP Terraform Kubernetes CloudSecurity Docker,CloudEngineer
Networking CloudSecurity Azure Terraform GCP AWS,CloudEngineer
Networking Azure AWS GCP Terraform,CloudEngineer
AWS Azure Terraform CloudSecurity,CloudEngineer
AWS GCP Kubernetes Terraform CloudSecurity,CloudEngineer
Kubernetes AWS GCP Azure Networking CloudSecurity,CloudEngineer
Docker Networking Azure GCP,CloudEngineer
Terraform GCP CloudSecurity AWS Networking Docker,CloudEngineer
Networking Docker CloudSecurity Terraform AWS GCP,CloudEngineer
Azure CloudSecurity Kubernetes Networking,CloudEngineer
GCP Kubernetes Terraform Azure,CloudEngineer
GCP AWS Networking Kubernetes CloudSecurity,CloudEngineer
Azure Docker Kubernetes Networking,CloudEngineer
Docker CloudSecurity GCP Networking AWS Terraform,CloudEngineer
Networking CloudSecurity Docker Azure GCP,CloudEngineer
Networking Azure CloudSecurity AWS Docker Terraform,CloudEngineer
Networking Azure AWS Docker Terraform,CloudEngineer
GCP Kubernetes Terraform CloudSecurity Azure Networking,CloudEngineer
Azure AWS GCP Docker CloudSecurity Kubernetes,CloudEngineer
Docker Terraform CloudSecurity AWS Kubernetes Azure,CloudEngineer
Azure Terraform CloudSecurity Kubernetes Networking,CloudEngineer
Azure CloudSecurity GCP Networking Docker,CloudEngineer
AWS Terraform Networking Azure GCP,CloudEngineer
Terraform Kubernetes Azure Docker AWS CloudSecurity,CloudEngineer
Docker CloudSecurity Terraform GCP,CloudEngineer
CloudSecurity GCP Terraform Networking,CloudEngineer
Docker Terraform Kubernetes Networking GCP,CloudEngineer
Terraform Kubernetes Networking Azure GCP,CloudEngineer
AWS GCP Docker Terraform,CloudEngineer
Docker Azure Terraform Networking AWS Kubernetes,CloudEngineer
Docker CloudSecurity Kubernetes Networking GCP,CloudEngineer
Docker Kubernetes Networking AWS Terraform,CloudEngineer
Docker Terraform Networking AWS CloudSecurity Azure,CloudEngineer
Terraform GCP Networking Kubernetes,CloudEngineer
Docker CloudSecurity GCP Terraform,CloudEngineer
Kubernetes Terraform Azure Docker GCP,CloudEngineer
GCP AWS Docker Kubernetes Azure Terraform,CloudEngineer
CloudSecurity Azure Terraform Kubernetes AWS,CloudEngineer
GCP Terraform Docker AWS Networking Azure,CloudEngineer
Docker Azure GCP Terraform CloudSecurity AWS,CloudEngineer
CloudSecurity Networking AWS Azure Terraform Kubernetes,CloudEngineer
GCP Networking AWS Kubernetes Azure,CloudEngineer
AWS CloudSecurity Kubernetes Terraform Docker,CloudEngineer
Networking AWS Terraform Docker,CloudEngineer
CloudSecurity Terraform Networking GCP Azure Kubernetes,CloudEngineer
Docker Networking Terraform GCP AWS,CloudEngineer
GCP CloudSecurity Kubernetes Networking,CloudEngineer
AWS GCP Kubernetes CloudSecurity Terraform,CloudEngineer
Azure Kubernetes GCP Docker AWS Networking,CloudEngineer
CloudSecurity Networking GCP Kubernetes Terraform AWS,CloudEngineer
Azure Networking GCP Docker Terraform,CloudEngineer
PenTesting Wireshark Linux NetworkSecurity,CyberSecurityEngineer
CyberSecurity PenTesting VulnerabilityAssessment Wireshark NetworkSecurity SIEM,CyberSecurityEngineer
PenTesting Linux CyberSecurity IncidentResponse SIEM,CyberSecurityEngineer
VulnerabilityAssessment PenTesting Linux SIEM,CyberSecurityEngineer
VulnerabilityAssessment Wireshark CyberSecurity IncidentResponse SIEM Linux,CyberSecurityEngineer
VulnerabilityAssessment PenTesting SIEM Linux Wireshark,CyberSecurityEngineer
VulnerabilityAssessment Linux NetworkSecurity Wireshark SIEM CyberSecurity,CyberSecurityEngineer
Linux NetworkSecurity VulnerabilityAssessment CyberSecurity Wireshark PenTesting,CyberSecurityEngineer
IncidentResponse Linux SIEM VulnerabilityAssessment,CyberSecurityEngineer
NetworkSecurity Wireshark PenTesting SIEM VulnerabilityAssessment IncidentResponse,CyberSecurityEngineer
NetworkSecurity SIEM Wireshark Linux IncidentResponse PenTesting,CyberSecurityEngineer
NetworkSecurity Linux Wireshark VulnerabilityAssessment CyberSecurity,CyberSecurityEngineer
NetworkSecurity IncidentResponse PenTesting Wireshark SIEM CyberSecurity,CyberSecurityEngineer
IncidentResponse Linux CyberSecurity Wireshark,CyberSecurityEngineer
Wireshark NetworkSecurity Linux CyberSecurity SIEM PenTesting,CyberSecurityEngineer
Wireshark Linux SIEM IncidentResponse,CyberSecurityEngineer
CyberSecurity Wireshark SIEM Linux VulnerabilityAssessment IncidentResponse,CyberSecurityEngineer
Wireshark SIEM IncidentResponse CyberSecurity Linux,CyberSecurityEngineer
SIEM VulnerabilityAssessment CyberSecurity Linux,CyberSecurityEngineer
PenTesting CyberSecurity SIEM Wireshark Linux NetworkSecurity,CyberSecurityEngineer
Linux SIEM PenTesting CyberSecurity NetworkSecurity,CyberSecurityEngineer
VulnerabilityAssessment PenTesting Linux Wireshark SIEM CyberSecurity,CyberSecurityEngineer
CyberSecurity PenTesting NetworkSecurity VulnerabilityAssessment,CyberSecurityEngineer
IncidentResponse CyberSecurity NetworkSecurity Wireshark SIEM Linux,CyberSecurityEngineer
PenTesting SIEM Linux IncidentResponse CyberSecurity,CyberSecurityEngineer
Wireshark VulnerabilityAssessment NetworkSecurity IncidentResponse,CyberSecurityEngineer
NetworkSecurity VulnerabilityAssessment Wireshark IncidentResponse,CyberSecurityEngineer
Wireshark Linux IncidentResponse NetworkSecurity PenTesting VulnerabilityAssessment,CyberSecurityEngineer
PenTesting Linux SIEM VulnerabilityAssessment IncidentResponse NetworkSecurity,CyberSecurityEngineer
NetworkSecurity Linux SIEM Wireshark,CyberSecurityEngineer
Wireshark IncidentResponse VulnerabilityAssessment NetworkSecurity,CyberSecurityEngineer
NetworkSecurity Linux CyberSecurity VulnerabilityAssessment Wireshark SIEM,CyberSecurityEngineer
Linux CyberSecurity IncidentResponse Wireshark SIEM PenTesting,CyberSecurityEngineer
VulnerabilityAssessment SIEM CyberSecurity PenTesting,CyberSecurityEngineer
Wireshark Linux CyberSecurity NetworkSecurity PenTesting,CyberSecurityEngineer
NetworkSecurity Linux PenTesting SIEM,CyberSecurityEngineer
IncidentResponse Linux PenTesting VulnerabilityAssessment,CyberSecurityEngineer
VulnerabilityAssessment Linux Wireshark PenTesting,CyberSecurityEngineer
CyberSecurity IncidentResponse NetworkSecurity Wireshark,CyberSecurityEngineer
Wireshark VulnerabilityAssessment IncidentResponse Linux,CyberSecurityEngineer
VulnerabilityAssessment SIEM Wireshark CyberSecurity NetworkSecurity Linux,CyberSecurityEngineer
NetworkSecurity IncidentResponse PenTesting Linux Wireshark,CyberSecurityEngineer
Linux PenTesting VulnerabilityAssessment NetworkSecurity SIEM,CyberSecurityEngineer
PenTesting IncidentResponse Wireshark Linux CyberSecurity,CyberSecurityEngineer
CyberSecurity PenTesting Linux NetworkSecurity SIEM,CyberSecurityEngineer
SIEM VulnerabilityAssessment NetworkSecurity Wireshark IncidentResponse Linux,CyberSecurityEngineer
PenTesting CyberSecurity Wireshark IncidentResponse,CyberSecurityEngineer
NetworkSecurity IncidentResponse CyberSecurity Linux VulnerabilityAssessment,CyberSecurityEngineer
Wireshark Linux IncidentResponse PenTesting SIEM,CyberSecurityEngineer
Wireshark Linux SIEM PenTesting VulnerabilityAssessment,CyberSecurityEngineer
IncidentResponse PenTesting Wireshark Linux SIEM NetworkSecurity,CyberSecurityEngineer
SIEM NetworkSecurity Linux Wireshark VulnerabilityAssessment CyberSecurity,CyberSecurityEngineer
VulnerabilityAssessment PenTesting Wireshark NetworkSecurity Linux CyberSecurity,CyberSecurityEngineer
PenTesting Wireshark SIEM CyberSecurity NetworkSecurity IncidentResponse,CyberSecurityEngineer
SIEM PenTesting NetworkSecurity Linux IncidentResponse,CyberSecurityEngineer
PenTesting IncidentResponse NetworkSecurity VulnerabilityAssessment,CyberSecurityEngineer
PenTesting Linux NetworkSecurity VulnerabilityAssessment Wireshark IncidentResponse,CyberSecurityEngineer
PenTesting NetworkSecurity CyberSecurity Wireshark IncidentResponse SIEM,CyberSecurityEngineer
Linux NetworkSecurity CyberSecurity PenTesting,CyberSecurityEngineer
IncidentResponse SIEM Wireshark VulnerabilityAssessment,CyberSecurityEngineer
CyberSecurity Linux NetworkSecurity IncidentResponse,CyberSecurityEngineer
Wireshark NetworkSecurity VulnerabilityAssessment IncidentResponse SIEM,CyberSecurityEngineer
Wireshark IncidentResponse CyberSecurity PenTesting VulnerabilityAssessment SIEM,CyberSecurityEngineer
CyberSecurity NetworkSecurity Wireshark PenTesting VulnerabilityAssessment,CyberSecurityEngineer
VulnerabilityAssessment CyberSecurity IncidentResponse Wireshark PenTesting,CyberSecurityEngineer
VulnerabilityAssessment SIEM Linux Wireshark,CyberSecurityEngineer
PenTesting Linux IncidentResponse NetworkSecurity,CyberSecurityEngineer
VulnerabilityAssessment PenTesting NetworkSecurity CyberSecurity,CyberSecurityEngineer
Wireshark PenTesting NetworkSecurity VulnerabilityAssessment CyberSecurity,CyberSecurityEngineer
PenTesting SIEM NetworkSecurity Wireshark IncidentResponse,CyberSecurityEngineer
PenTesting NetworkSecurity Linux Wireshark IncidentResponse,CyberSecurityEngineer
Wireshark NetworkSecurity VulnerabilityAssessment Linux PenTesting IncidentResponse,CyberSecurityEngineer
IncidentResponse SIEM CyberSecurity PenTesting,CyberSecurityEngineer
Linux Wireshark CyberSecurity VulnerabilityAssessment SIEM,CyberSecurityEngineer
PenTesting VulnerabilityAssessment Wireshark IncidentResponse SIEM Linux,CyberSecurityEngineer
VulnerabilityAssessment Wireshark SIEM Linux NetworkSecurity,CyberSecurityEngineer
PenTesting CyberSecurity SIEM Linux IncidentResponse Wireshark,CyberSecurityEngineer
CyberSecurity VulnerabilityAssessment PenTesting Wireshark SIEM,CyberSecurityEngineer
Linux IncidentResponse PenTesting CyberSecurity Wireshark,CyberSecurityEngineer
NetworkSecurity Linux CyberSecurity IncidentResponse,CyberSecurityEngineer
API Testing ManualTesting PyTest JUnit TestCases AutomationTesting,QAEngineer
API Testing TestCases PyTest JUnit,QAEngineer
AutomationTesting API Testing ManualTesting JUnit,QAEngineer
Selenium ManualTesting API Testing AutomationTesting,QAEngineer
AutomationTesting API Testing PyTest Selenium ManualTesting JUnit,QAEngineer
JUnit ManualTesting AutomationTesting Selenium TestCases PyTest,QAEngineer
PyTest TestCases AutomationTesting Selenium JUnit,QAEngineer
API Testing ManualTesting JUnit TestCases AutomationTesting,QAEngineer
API Testing PyTest JUnit Selenium TestCases ManualTesting,QAEngineer
ManualTesting PyTest TestCases AutomationTesting Selenium,QAEngineer
API Testing JUnit PyTest Selenium,QAEngineer
ManualTesting API Testing JUnit PyTest,QAEngineer
JUnit ManualTesting TestCases Selenium,QAEngineer
TestCases PyTest AutomationTesting ManualTesting JUnit,QAEngineer
ManualTesting API Testing JUnit TestCases AutomationTesting Selenium,QAEngineer
JUnit TestCases ManualTesting Selenium API Testing AutomationTesting,QAEngineer
API Testing TestCases Selenium AutomationTesting JUnit,QAEngineer
PyTest ManualTesting TestCases Selenium JUnit AutomationTesting,QAEngineer
JUnit AutomationTesting TestCases Selenium,QAEngineer
TestCases PyTest Selenium ManualTesting,QAEngineer
API Testing TestCases Selenium AutomationTesting PyTest,QAEngineer
PyTest ManualTesting JUnit API Testing TestCases,QAEngineer
API Testing Selenium PyTest ManualTesting AutomationTesting,QAEngineer
JUnit PyTest ManualTesting TestCases API Testing,QAEngineer
PyTest AutomationTesting Selenium API Testing JUnit ManualTesting,QAEngineer
API Testing JUnit PyTest TestCases Selenium,QAEngineer
Selenium API Testing ManualTesting AutomationTesting,QAEngineer
PyTest JUnit API Testing ManualTesting AutomationTesting Selenium,QAEngineer
TestCases Selenium JUnit ManualTesting,QAEngineer
AutomationTesting Selenium PyTest ManualTesting JUnit,QAEngineer
API Testing AutomationTesting JUnit ManualTesting TestCases PyTest,QAEngineer
ManualTesting Selenium API Testing TestCases,QAEngineer
PyTest TestCases ManualTesting AutomationTesting JUnit API Testing,QAEngineer
JUnit PyTest Selenium AutomationTesting,QAEngineer
API Testing PyTest ManualTesting AutomationTesting Selenium JUnit,QAEngineer
AutomationTesting PyTest API Testing JUnit,QAEngineer
Selenium ManualTesting API Testing JUnit PyTest TestCases,QAEngineer
JUnit ManualTesting TestCases Selenium PyTest API Testing,QAEngineer
Selenium AutomationTesting API Testing PyTest TestCases ManualTesting,QAEngineer
JUnit AutomationTesting TestCases ManualTesting PyTest Selenium,QAEngineer
PyTest JUnit API Testing Selenium AutomationTesting,QAEngineer
ManualTesting API Testing AutomationTesting PyTest,QAEngineer
TestCases AutomationTesting JUnit PyTest API Testing,QAEngineer
API Testing Selenium JUnit TestCases PyTest ManualTesting,QAEngineer
AutomationTesting TestCases PyTest Selenium JUnit,QAEngineer
PyTest TestCases API Testing JUnit,QAEngineer
PyTest ManualTesting JUnit AutomationTesting,QAEngineer
API Testing TestCases ManualTesting JUnit,QAEngineer
API Testing PyTest ManualTesting JUnit AutomationTesting Selenium,QAEngineer
Selenium AutomationTesting TestCases ManualTesting JUnit PyTest,QAEngineer
TestCases Selenium PyTest API Testing ManualTesting JUnit,QAEngineer
JUnit TestCases ManualTesting AutomationTesting,QAEngineer
Selenium ManualTesting TestCases AutomationTesting API Testing,QAEngineer
Selenium API Testing ManualTesting AutomationTesting TestCases JUnit,QAEngineer
API Testing ManualTesting PyTest Selenium AutomationTesting TestCases,QAEngineer
TestCases JUnit Selenium AutomationTesting PyTest API Testing,QAEngineer
PyTest Selenium JUnit ManualTesting AutomationTesting API Testing,QAEngineer
ManualTesting AutomationTesting JUnit TestCases Selenium PyTest,QAEngineer
JUnit AutomationTesting ManualTesting Selenium API Testing PyTest,QAEngineer
JUnit TestCases PyTest ManualTesting API Testing,QAEngineer
TestCases AutomationTesting PyTest API Testing JUnit,QAEngineer
AutomationTesting TestCases Selenium PyTest,QAEngineer
TestCases Selenium ManualTesting API Testing,QAEngineer
TestCases Selenium JUnit AutomationTesting PyTest,QAEngineer
Selenium TestCases PyTest API Testing,QAEngineer
TestCases JUnit ManualTesting AutomationTesting Selenium PyTest,QAEngineer
AutomationTesting TestCases JUnit PyTest ManualTesting,QAEngineer
API Testing ManualTesting JUnit AutomationTesting PyTest TestCases,QAEngineer
ManualTesting Selenium JUnit AutomationTesting PyTest,QAEngineer
PyTest ManualTesting API Testing JUnit Selenium,QAEngineer
AutomationTesting PyTest TestCases ManualTesting JUnit,QAEngineer
API Testing TestCases Selenium JUnit ManualTesting PyTest,QAEngineer
API Testing TestCases JUnit Selenium,QAEngineer
PyTest AutomationTesting JUnit Selenium TestCases ManualTesting,QAEngineer
TestCases AutomationTesting Selenium ManualTesting PyTest,QAEngineer
PyTest TestCases ManualTesting API Testing AutomationTesting,QAEngineer
API Testing ManualTesting TestCases PyTest AutomationTesting JUnit,QAEngineer
AutomationTesting ManualTesting JUnit API Testing,QAEngineer
JUnit Selenium AutomationTesting TestCases PyTest ManualTesting,QAEngineer
API Testing JUnit PyTest Selenium TestCases,QAEngineer
AdobeXD UserResearch Prototyping DesignSystems Figma,UIUXDesigner
UserResearch Wireframing Figma DesignSystems AdobeXD,UIUXDesigner
Wireframing AdobeXD UserResearch DesignSystems Figma Prototyping,UIUXDesigner
Wireframing UserResearch Prototyping Figma AdobeXD DesignSystems,UIUXDesigner
AdobeXD DesignSystems UserResearch Prototyping,UIUXDesigner
DesignSystems Prototyping Figma UserResearch AdobeXD Wireframing,UIUXDesigner
DesignSystems UserResearch AdobeXD Figma Wireframing Prototyping,UIUXDesigner
Prototyping Wireframing UserResearch AdobeXD DesignSystems,UIUXDesigner
Wireframing DesignSystems Figma AdobeXD,UIUXDesigner
Wireframing Prototyping AdobeXD Figma,UIUXDesigner
DesignSystems Prototyping UserResearch AdobeXD Wireframing Figma,UIUXDesigner
Wireframing AdobeXD UserResearch DesignSystems Prototyping Figma,UIUXDesigner
Figma Wireframing UserResearch Prototyping DesignSystems,UIUXDesigner
UserResearch AdobeXD DesignSystems Prototyping Wireframing Figma,UIUXDesigner
UserResearch AdobeXD Wireframing Prototyping Figma,UIUXDesigner
AdobeXD Wireframing DesignSystems Prototyping UserResearch,UIUXDesigner
UserResearch AdobeXD Figma Wireframing Prototyping DesignSystems,UIUXDesigner
Wireframing DesignSystems Prototyping UserResearch AdobeXD Figma,UIUXDesigner
Prototyping DesignSystems UserResearch Figma,UIUXDesigner
Wireframing Figma AdobeXD DesignSystems Prototyping UserResearch,UIUXDesigner
Figma DesignSystems Prototyping Wireframing,UIUXDesigner
Prototyping DesignSystems Wireframing AdobeXD Figma UserResearch,UIUXDesigner
Prototyping Figma Wireframing UserResearch AdobeXD,UIUXDesigner
Wireframing Prototyping UserResearch AdobeXD,UIUXDesigner
Wireframing UserResearch Prototyping Figma,UIUXDesigner
Wireframing UserResearch AdobeXD DesignSystems Prototyping Figma,UIUXDesigner
DesignSystems AdobeXD UserResearch Wireframing Figma Prototyping,UIUXDesigner
DesignSystems AdobeXD Figma Prototyping UserResearch,UIUXDesigner
AdobeXD DesignSystems Wireframing Figma Prototyping UserResearch,UIUXDesigner
DesignSystems UserResearch Prototyping Wireframing AdobeXD Figma,UIUXDesigner
AdobeXD Prototyping DesignSystems Wireframing UserResearch Figma,UIUXDesigner
AdobeXD Figma Wireframing Prototyping DesignSystems UserResearch,UIUXDesigner
Wireframing Figma AdobeXD Prototyping DesignSystems,UIUXDesigner
DesignSystems Prototyping Figma UserResearch AdobeXD Wireframing,UIUXDesigner
Prototyping DesignSystems Wireframing Figma UserResearch AdobeXD,UIUXDesigner
Figma Wireframing UserResearch DesignSystems,UIUXDesigner
Wireframing UserResearch Prototyping AdobeXD DesignSystems,UIUXDesigner
Figma DesignSystems Prototyping Wireframing AdobeXD,UIUXDesigner
DesignSystems Prototyping Figma UserResearch AdobeXD Wireframing,UIUXDesigner
UserResearch AdobeXD Figma Prototyping Wireframing,UIUXDesigner
AdobeXD Wireframing DesignSystems UserResearch,UIUXDesigner
DesignSystems Figma Prototyping AdobeXD,UIUXDesigner
Prototyping Wireframing UserResearch DesignSystems AdobeXD,UIUXDesigner
Wireframing Figma Prototyping UserResearch DesignSystems AdobeXD,UIUXDesigner
Figma Prototyping AdobeXD UserResearch,UIUXDesigner
Prototyping UserResearch Figma Wireframing DesignSystems,UIUXDesigner
UserResearch Wireframing Prototyping Figma DesignSystems AdobeXD,UIUXDesigner
Figma Wireframing AdobeXD DesignSystems Prototyping,UIUXDesigner
DesignSystems Figma AdobeXD Prototyping UserResearch,UIUXDesigner
UserResearch DesignSystems Wireframing AdobeXD Figma Prototyping,UIUXDesigner
Wireframing UserResearch Figma DesignSystems Prototyping,UIUXDesigner
AdobeXD Figma Prototyping UserResearch DesignSystems,UIUXDesigner
Wireframing Figma UserResearch DesignSystems,UIUXDesigner
Figma Prototyping AdobeXD UserResearch Wireframing,UIUXDesigner
Prototyping AdobeXD UserResearch DesignSystems,UIUXDesigner
Prototyping AdobeXD Figma Wireframing UserResearch DesignSystems,UIUXDesigner
AdobeXD UserResearch Wireframing DesignSystems Figma Prototyping,UIUXDesigner
UserResearch Wireframing Figma DesignSystems Prototyping AdobeXD,UIUXDesigner
AdobeXD Wireframing UserResearch DesignSystems,UIUXDesigner
Prototyping AdobeXD Figma UserResearch DesignSystems,UIUXDesigner
Wireframing UserResearch Figma DesignSystems AdobeXD,UIUXDesigner
Prototyping Wireframing Figma UserResearch DesignSystems AdobeXD,UIUXDesigner
DesignSystems UserResearch Wireframing Prototyping Figma AdobeXD,UIUXDesigner
UserResearch DesignSystems AdobeXD Prototyping Wireframing,UIUXDesigner
AdobeXD Prototyping DesignSystems Wireframing Figma,UIUXDesigner
Wireframing UserResearch Prototyping Figma DesignSystems,UIUXDesigner
Figma AdobeXD Prototyping DesignSystems,UIUXDesigner
AdobeXD Prototyping UserResearch Figma DesignSystems,UIUXDesigner
UserResearch AdobeXD Prototyping DesignSystems Wireframing,UIUXDesigner
Figma UserResearch DesignSystems Wireframing,UIUXDesigner
AdobeXD Prototyping Wireframing DesignSystems Figma UserResearch,UIUXDesigner
DesignSystems Prototyping AdobeXD UserResearch Figma,UIUXDesigner
DesignSystems AdobeXD Figma Prototyping Wireframing UserResearch,UIUXDesigner
Figma Prototyping AdobeXD DesignSystems UserResearch,UIUXDesigner
Figma UserResearch AdobeXD Wireframing DesignSystems,UIUXDesigner
DesignSystems Wireframing Prototyping AdobeXD Figma,UIUXDesigner
Figma DesignSystems Prototyping UserResearch Wireframing AdobeXD,UIUXDesigner
UserResearch Wireframing DesignSystems Figma AdobeXD,UIUXDesigner
Wireframing Figma Prototyping UserResearch,UIUXDesigner
Figma DesignSystems UserResearch AdobeXD Prototyping,UIUXDesigner
SQL StakeholderManagement Documentation Excel PowerBI,BusinessAnalyst
Documentation PowerBI StakeholderManagement SQL RequirementsGathering,BusinessAnalyst
PowerBI SQL Excel StakeholderManagement,BusinessAnalyst
PowerBI Documentation SQL StakeholderManagement Excel,BusinessAnalyst
PowerBI Documentation SQL RequirementsGathering StakeholderManagement Excel,BusinessAnalyst
StakeholderManagement PowerBI RequirementsGathering SQL Documentation,BusinessAnalyst
Documentation StakeholderManagement SQL RequirementsGathering PowerBI,BusinessAnalyst
Excel PowerBI SQL RequirementsGathering,BusinessAnalyst
Documentation StakeholderManagement SQL Excel RequirementsGathering PowerBI,BusinessAnalyst
Excel Documentation SQL StakeholderManagement PowerBI,BusinessAnalyst
StakeholderManagement Excel RequirementsGathering PowerBI Documentation,BusinessAnalyst
StakeholderManagement RequirementsGathering Excel Documentation PowerBI,BusinessAnalyst
RequirementsGathering StakeholderManagement PowerBI Documentation,BusinessAnalyst
Excel SQL RequirementsGathering PowerBI,BusinessAnalyst
Documentation SQL RequirementsGathering PowerBI Excel,BusinessAnalyst
Documentation PowerBI StakeholderManagement SQL RequirementsGathering Excel,BusinessAnalyst
Excel StakeholderManagement SQL PowerBI RequirementsGathering Documentation,BusinessAnalyst
RequirementsGathering Documentation Excel PowerBI SQL,BusinessAnalyst
StakeholderManagement SQL RequirementsGathering Excel PowerBI,BusinessAnalyst
Excel StakeholderManagement SQL RequirementsGathering,BusinessAnalyst
StakeholderManagement RequirementsGathering Excel Documentation SQL PowerBI,BusinessAnalyst
Excel RequirementsGathering Documentation SQL,BusinessAnalyst
RequirementsGathering Documentation StakeholderManagement SQL Excel,BusinessAnalyst
SQL Documentation PowerBI Excel,BusinessAnalyst
Documentation StakeholderManagement SQL RequirementsGathering,BusinessAnalyst
Excel Documentation PowerBI RequirementsGathering SQL,BusinessAnalyst
PowerBI RequirementsGathering StakeholderManagement Excel,BusinessAnalyst
Documentation StakeholderManagement RequirementsGathering SQL,BusinessAnalyst
PowerBI SQL Documentation Excel StakeholderManagement,BusinessAnalyst
StakeholderManagement SQL PowerBI Excel RequirementsGathering Documentation,BusinessAnalyst
Excel StakeholderManagement PowerBI SQL Documentation,BusinessAnalyst
Excel SQL StakeholderManagement RequirementsGathering,BusinessAnalyst
Excel SQL RequirementsGathering Documentation StakeholderManagement PowerBI,BusinessAnalyst
Documentation RequirementsGathering StakeholderManagement PowerBI SQL Excel,BusinessAnalyst
Documentation PowerBI StakeholderManagement Excel SQL,BusinessAnalyst
RequirementsGathering SQL StakeholderManagement Documentation Excel PowerBI,BusinessAnalyst
Documentation PowerBI RequirementsGathering SQL,BusinessAnalyst
Documentation PowerBI StakeholderManagement Excel,BusinessAnalyst
Excel RequirementsGathering SQL StakeholderManagement PowerBI Documentation,BusinessAnalyst
StakeholderManagement Documentation RequirementsGathering SQL PowerBI,BusinessAnalyst
RequirementsGathering StakeholderManagement Excel SQL PowerBI,BusinessAnalyst
RequirementsGathering PowerBI SQL Excel Documentation,BusinessAnalyst
Excel StakeholderManagement SQL RequirementsGathering PowerBI,BusinessAnalyst
Documentation Excel StakeholderManagement PowerBI RequirementsGathering,BusinessAnalyst
StakeholderManagement SQL PowerBI Documentation Excel,BusinessAnalyst
PowerBI SQL Documentation StakeholderManagement RequirementsGathering,BusinessAnalyst
Documentation PowerBI RequirementsGathering StakeholderManagement SQL Excel,BusinessAnalyst
Excel SQL PowerBI Documentation,BusinessAnalyst
Excel PowerBI Documentation SQL,BusinessAnalyst
Excel Documentation PowerBI SQL StakeholderManagement RequirementsGathering,BusinessAnalyst
RequirementsGathering StakeholderManagement Documentation PowerBI SQL Excel,BusinessAnalyst
PowerBI RequirementsGathering Excel StakeholderManagement Documentation,BusinessAnalyst
StakeholderManagement SQL PowerBI Documentation Excel,BusinessAnalyst
PowerBI SQL RequirementsGathering Documentation Excel,BusinessAnalyst
SQL Excel RequirementsGathering PowerBI,BusinessAnalyst
Excel SQL Documentation RequirementsGathering,BusinessAnalyst
Documentation RequirementsGathering StakeholderManagement Excel PowerBI SQL,BusinessAnalyst
Documentation StakeholderManagement RequirementsGathering PowerBI SQL,BusinessAnalyst
Excel RequirementsGathering Documentation SQL PowerBI,BusinessAnalyst
Documentation Excel SQL PowerBI RequirementsGathering StakeholderManagement,BusinessAnalyst
PowerBI StakeholderManagement RequirementsGathering Excel Documentation,BusinessAnalyst
SQL Excel Documentation RequirementsGathering StakeholderManagement,BusinessAnalyst
StakeholderManagement PowerBI Excel Documentation SQL RequirementsGathering,BusinessAnalyst
RequirementsGathering Excel PowerBI Documentation SQL StakeholderManagement,BusinessAnalyst
Excel RequirementsGathering StakeholderManagement PowerBI Documentation,BusinessAnalyst
Documentation StakeholderManagement RequirementsGathering PowerBI SQL Excel,BusinessAnalyst
PowerBI StakeholderManagement Documentation Excel,BusinessAnalyst
Excel Documentation StakeholderManagement RequirementsGathering PowerBI SQL,BusinessAnalyst
Documentation StakeholderManagement PowerBI SQL RequirementsGathering Excel,BusinessAnalyst
SQL StakeholderManagement Excel PowerBI RequirementsGathering,BusinessAnalyst
PowerBI StakeholderManagement RequirementsGathering Excel SQL Documentation,BusinessAnalyst
Documentation PowerBI RequirementsGathering StakeholderManagement Excel,BusinessAnalyst
RequirementsGathering PowerBI SQL StakeholderManagement Excel,BusinessAnalyst
SQL RequirementsGathering Excel StakeholderManagement Documentation PowerBI,BusinessAnalyst
Excel PowerBI StakeholderManagement SQL,BusinessAnalyst
Documentation Excel RequirementsGathering PowerBI StakeholderManagement,BusinessAnalyst
StakeholderManagement Excel Documentation RequirementsGathering SQL,BusinessAnalyst
PowerBI Excel RequirementsGathering StakeholderManagement,BusinessAnalyst
PowerBI Excel RequirementsGathering StakeholderManagement Documentation,BusinessAnalyst
PowerBI StakeholderManagement RequirementsGathering Documentation SQL,BusinessAnalyst
MLOps PyTorch ScikitLearn TensorFlow Python ModelDeployment,MachineLearningEngineer
MLOps FeatureEngineering ModelDeployment ScikitLearn,MachineLearningEngineer
Python PyTorch FeatureEngineering MLOps ScikitLearn,MachineLearningEngineer
ModelDeployment FeatureEngineering ScikitLearn TensorFlow,MachineLearningEngineer
FeatureEngineering PyTorch ScikitLearn ModelDeployment MLOps TensorFlow,MachineLearningEngineer
Python PyTorch FeatureEngineering ScikitLearn TensorFlow ModelDeployment,MachineLearningEngineer
PyTorch FeatureEngineering TensorFlow MLOps ModelDeployment Python,MachineLearningEngineer
TensorFlow ScikitLearn Python ModelDeployment FeatureEngineering,MachineLearningEngineer
ModelDeployment TensorFlow Python ScikitLearn,MachineLearningEngineer
Python TensorFlow ScikitLearn MLOps PyTorch,MachineLearningEngineer
Python MLOps PyTorch ModelDeployment,MachineLearningEngineer
ScikitLearn MLOps PyTorch ModelDeployment Python,MachineLearningEngineer
Python FeatureEngineering MLOps PyTorch TensorFlow,MachineLearningEngineer
ModelDeployment ScikitLearn FeatureEngineering TensorFlow Python,MachineLearningEngineer
ScikitLearn Python PyTorch MLOps FeatureEngineering ModelDeployment,MachineLearningEngineer
Python ScikitLearn MLOps PyTorch TensorFlow FeatureEngineering,MachineLearningEngineer
ScikitLearn MLOps ModelDeployment FeatureEngineering TensorFlow,MachineLearningEngineer
FeatureEngineering ModelDeployment MLOps ScikitLearn Python TensorFlow,MachineLearningEngineer
MLOps Python PyTorch TensorFlow,MachineLearningEngineer
PyTorch FeatureEngineering ScikitLearn ModelDeployment TensorFlow MLOps,MachineLearningEngineer
FeatureEngineering ScikitLearn PyTorch ModelDeployment,MachineLearningEngineer
MLOps ScikitLearn PyTorch FeatureEngineering Python,MachineLearningEngineer
PyTorch Python MLOps ModelDeployment TensorFlow,MachineLearningEngineer
ModelDeployment FeatureEngineering Python ScikitLearn MLOps TensorFlow,MachineLearningEngineer
PyTorch ModelDeployment Python ScikitLearn FeatureEngineering MLOps,MachineLearningEngineer
MLOps Python FeatureEngineering ModelDeployment,MachineLearningEngineer
ModelDeployment ScikitLearn TensorFlow FeatureEngineering PyTorch MLOps,MachineLearningEngineer
ScikitLearn Python ModelDeployment FeatureEngineering TensorFlow,MachineLearningEngineer
PyTorch Python ModelDeployment ScikitLearn,MachineLearningEngineer
TensorFlow FeatureEngineering MLOps PyTorch ScikitLearn ModelDeployment,MachineLearningEngineer
Python PyTorch ScikitLearn TensorFlow ModelDeployment FeatureEngineering,MachineLearningEngineer
TensorFlow Python ModelDeployment MLOps,MachineLearningEngineer
ModelDeployment PyTorch FeatureEngineering MLOps TensorFlow,MachineLearningEngineer
TensorFlow PyTorch ScikitLearn Python FeatureEngineering,MachineLearningEngineer
ModelDeployment FeatureEngineering PyTorch TensorFlow,MachineLearningEngineer
Python FeatureEngineering MLOps PyTorch,MachineLearningEngineer
ScikitLearn TensorFlow PyTorch ModelDeployment,MachineLearningEngineer
FeatureEngineering ModelDeployment PyTorch MLOps Python ScikitLearn,MachineLearningEngineer
Python ScikitLearn TensorFlow PyTorch MLOps FeatureEngineering,MachineLearningEngineer
ModelDeployment TensorFlow Python FeatureEngineering MLOps,MachineLearningEngineer
FeatureEngineering ModelDeployment MLOps TensorFlow Python ScikitLearn,MachineLearningEngineer
ModelDeployment MLOps ScikitLearn FeatureEngineering PyTorch TensorFlow,MachineLearningEngineer
PyTorch MLOps ModelDeployment ScikitLearn Python TensorFlow,MachineLearningEngineer
Python PyTorch ScikitLearn ModelDeployment,MachineLearningEngineer
Python ScikitLearn MLOps ModelDeployment TensorFlow PyTorch,MachineLearningEngineer
PyTorch FeatureEngineering ScikitLearn MLOps,MachineLearningEngineer
MLOps TensorFlow Python FeatureEngineering,MachineLearningEngineer
MLOps FeatureEngineering PyTorch Python,MachineLearningEngineer
Python ModelDeployment ScikitLearn MLOps FeatureEngineering TensorFlow,MachineLearningEngineer
FeatureEngineering ScikitLearn ModelDeployment PyTorch,MachineLearningEngineer
PyTorch TensorFlow FeatureEngineering Python,MachineLearningEngineer
ScikitLearn TensorFlow Python PyTorch FeatureEngineering MLOps,MachineLearningEngineer
ModelDeployment Python PyTorch FeatureEngineering TensorFlow ScikitLearn,MachineLearningEngineer
PyTorch MLOps TensorFlow ScikitLearn ModelDeployment FeatureEngineering,MachineLearningEngineer
ModelDeployment PyTorch ScikitLearn Python MLOps,MachineLearningEngineer
FeatureEngineering Python TensorFlow PyTorch ScikitLearn MLOps,MachineLearningEngineer
ScikitLearn TensorFlow MLOps PyTorch FeatureEngineering,MachineLearningEngineer
TensorFlow PyTorch MLOps FeatureEngineering Python,MachineLearningEngineer
TensorFlow MLOps ModelDeployment PyTorch FeatureEngineering Python,MachineLearningEngineer
Python MLOps FeatureEngineering ModelDeployment TensorFlow PyTorch,MachineLearningEngineer
ScikitLearn ModelDeployment FeatureEngineering TensorFlow PyTorch MLOps,MachineLearningEngineer
PyTorch FeatureEngineering Python ScikitLearn TensorFlow,MachineLearningEngineer
FeatureEngineering ModelDeployment MLOps PyTorch TensorFlow Python,MachineLearningEngineer
MLOps PyTorch TensorFlow ModelDeployment FeatureEngineering,MachineLearningEngineer
PyTorch ModelDeployment Python FeatureEngineering TensorFlow MLOps,MachineLearningEngineer
MLOps FeatureEngineering Python ScikitLearn TensorFlow,MachineLearningEngineer
FeatureEngineering PyTorch Python ModelDeployment,MachineLearningEngineer
ScikitLearn Python TensorFlow FeatureEngineering PyTorch MLOps,MachineLearningEngineer
FeatureEngineering PyTorch Python ModelDeployment ScikitLearn,MachineLearningEngineer
FeatureEngineering ModelDeployment PyTorch TensorFlow,MachineLearningEngineer
PyTorch Python ModelDeployment ScikitLearn,MachineLearningEngineer
ScikitLearn ModelDeployment FeatureEngineering PyTorch TensorFlow,MachineLearningEngineer
Python ModelDeployment MLOps FeatureEngineering,MachineLearningEngineer
ScikitLearn ModelDeployment TensorFlow MLOps FeatureEngineering,MachineLearningEngineer
Python ModelDeployment ScikitLearn PyTorch TensorFlow MLOps,MachineLearningEngineer
ModelDeployment FeatureEngineering PyTorch Python,MachineLearningEngineer
ScikitLearn TensorFlow MLOps PyTorch,MachineLearningEngineer
PyTorch ModelDeployment FeatureEngineering ScikitLearn,MachineLearningEngineer
TensorFlow ModelDeployment PyTorch ScikitLearn,MachineLearningEngineer
PyTorch TensorFlow ModelDeployment MLOps Python ScikitLearn,MachineLearningEngineer
BackupRecovery PerformanceTuning PostgreSQL SQL,DatabaseAdministrator
MySQL PostgreSQL SQL Oracle DatabaseDesign PerformanceTuning,DatabaseAdministrator
DatabaseDesign PerformanceTuning PostgreSQL Oracle MySQL,DatabaseAdministrator
MySQL PerformanceTuning BackupRecovery PostgreSQL Oracle DatabaseDesign,DatabaseAdministrator
BackupRecovery MySQL SQL PostgreSQL Oracle PerformanceTuning,DatabaseAdministrator
Oracle MySQL PostgreSQL BackupRecovery PerformanceTuning SQL,DatabaseAdministrator
PostgreSQL MySQL SQL DatabaseDesign,DatabaseAdministrator
Oracle PostgreSQL BackupRecovery DatabaseDesign SQL PerformanceTuning,DatabaseAdministrator
SQL DatabaseDesign Oracle PerformanceTuning BackupRecovery,DatabaseAdministrator
BackupRecovery SQL DatabaseDesign PostgreSQL Oracle PerformanceTuning,DatabaseAdministrator
BackupRecovery SQL DatabaseDesign Oracle,DatabaseAdministrator
SQL PostgreSQL MySQL Oracle,DatabaseAdministrator
SQL Oracle PostgreSQL BackupRecovery PerformanceTuning,DatabaseAdministrator
MySQL DatabaseDesign SQL BackupRecovery,DatabaseAdministrator
PostgreSQL SQL DatabaseDesign BackupRecovery PerformanceTuning,DatabaseAdministrator
PostgreSQL Oracle DatabaseDesign MySQL,DatabaseAdministrator
Oracle MySQL PostgreSQL BackupRecovery DatabaseDesign PerformanceTuning,DatabaseAdministrator
PerformanceTuning DatabaseDesign Oracle PostgreSQL SQL BackupRecovery,DatabaseAdministrator
Oracle MySQL DatabaseDesign BackupRecovery SQL PostgreSQL,DatabaseAdministrator
PostgreSQL BackupRecovery PerformanceTuning Oracle SQL DatabaseDesign,DatabaseAdministrator
PostgreSQL MySQL BackupRecovery SQL DatabaseDesign,DatabaseAdministrator
Oracle PerformanceTuning MySQL SQL DatabaseDesign,DatabaseAdministrator
PerformanceTuning SQL DatabaseDesign PostgreSQL,DatabaseAdministrator
MySQL PostgreSQL PerformanceTuning SQL BackupRecovery Oracle,DatabaseAdministrator
SQL DatabaseDesign PostgreSQL MySQL PerformanceTuning BackupRecovery,DatabaseAdministrator
PerformanceTuning SQL BackupRecovery DatabaseDesign PostgreSQL,DatabaseAdministrator
SQL BackupRecovery Oracle PostgreSQL DatabaseDesign,DatabaseAdministrator
Oracle BackupRecovery MySQL PostgreSQL DatabaseDesign,DatabaseAdministrator
Oracle BackupRecovery DatabaseDesign PostgreSQL,DatabaseAdministrator
SQL BackupRecovery PostgreSQL MySQL DatabaseDesign PerformanceTuning,DatabaseAdministrator
PostgreSQL Oracle BackupRecovery DatabaseDesign MySQL,DatabaseAdministrator
SQL MySQL Oracle DatabaseDesign PerformanceTuning,DatabaseAdministrator
Oracle BackupRecovery MySQL PerformanceTuning DatabaseDesign,DatabaseAdministrator
MySQL PostgreSQL BackupRecovery Oracle PerformanceTuning,DatabaseAdministrator
PostgreSQL DatabaseDesign SQL BackupRecovery,DatabaseAdministrator
PerformanceTuning DatabaseDesign PostgreSQL BackupRecovery SQL,DatabaseAdministrator
PerformanceTuning Oracle MySQL DatabaseDesign PostgreSQL,DatabaseAdministrator
SQL MySQL Oracle BackupRecovery PostgreSQL,DatabaseAdministrator
BackupRecovery Oracle MySQL DatabaseDesign PerformanceTuning PostgreSQL,DatabaseAdministrator
PostgreSQL SQL DatabaseDesign Oracle BackupRecovery,DatabaseAdministrator
Oracle DatabaseDesign MySQL SQL PostgreSQL,DatabaseAdministrator
PostgreSQL BackupRecovery SQL PerformanceTuning Oracle DatabaseDesign,DatabaseAdministrator
Oracle MySQL SQL PerformanceTuning,DatabaseAdministrator
Oracle BackupRecovery SQL PostgreSQL MySQL PerformanceTuning,DatabaseAdministrator
MySQL SQL BackupRecovery Oracle DatabaseDesign PostgreSQL,DatabaseAdministrator
PerformanceTuning SQL BackupRecovery PostgreSQL,DatabaseAdministrator
SQL Oracle PerformanceTuning MySQL,DatabaseAdministrator
DatabaseDesign SQL PerformanceTuning Oracle MySQL PostgreSQL,DatabaseAdministrator
MySQL PostgreSQL Oracle DatabaseDesign,DatabaseAdministrator
MySQL PerformanceTuning SQL Oracle DatabaseDesign,DatabaseAdministrator
PerformanceTuning DatabaseDesign Oracle MySQL BackupRecovery PostgreSQL,DatabaseAdministrator
DatabaseDesign PostgreSQL Oracle BackupRecovery MySQL,DatabaseAdministrator
PerformanceTuning PostgreSQL SQL DatabaseDesign,DatabaseAdministrator
SQL DatabaseDesign PostgreSQL PerformanceTuning,DatabaseAdministrator
DatabaseDesign SQL MySQL Oracle PostgreSQL,DatabaseAdministrator
SQL DatabaseDesign MySQL PerformanceTuning BackupRecovery PostgreSQL,DatabaseAdministrator
SQL PerformanceTuning Oracle PostgreSQL BackupRecovery,DatabaseAdministrator
SQL DatabaseDesign BackupRecovery MySQL,DatabaseAdministrator
MySQL PerformanceTuning Oracle DatabaseDesign PostgreSQL SQL,DatabaseAdministrator
DatabaseDesign Oracle PerformanceTuning PostgreSQL BackupRecovery MySQL,DatabaseAdministrator
DatabaseDesign BackupRecovery Oracle MySQL,DatabaseAdministrator
DatabaseDesign MySQL PostgreSQL BackupRecovery,DatabaseAdministrator
BackupRecovery PostgreSQL SQL DatabaseDesign MySQL PerformanceTuning,DatabaseAdministrator
PerformanceTuning PostgreSQL Oracle MySQL,DatabaseAdministrator
DatabaseDesign SQL PerformanceTuning MySQL,DatabaseAdministrator
PerformanceTuning PostgreSQL SQL Oracle MySQL,DatabaseAdministrator
SQL Oracle PostgreSQL BackupRecovery MySQL,DatabaseAdministrator
BackupRecovery PerformanceTuning Oracle SQL,DatabaseAdministrator
DatabaseDesign PostgreSQL SQL MySQL Oracle,DatabaseAdministrator
Oracle SQL PerformanceTuning BackupRecovery,DatabaseAdministrator
MySQL PostgreSQL SQL DatabaseDesign,DatabaseAdministrator
BackupRecovery SQL MySQL Oracle,DatabaseAdministrator
PostgreSQL SQL DatabaseDesign PerformanceTuning MySQL BackupRecovery,DatabaseAdministrator
MySQL PerformanceTuning BackupRecovery Oracle PostgreSQL,DatabaseAdministrator
MySQL SQL DatabaseDesign BackupRecovery,DatabaseAdministrator
PostgreSQL BackupRecovery MySQL Oracle PerformanceTuning,DatabaseAdministrator
SQL BackupRecovery PerformanceTuning PostgreSQL,DatabaseAdministrator
BackupRecovery SQL MySQL Oracle,DatabaseAdministrator
SQL DatabaseDesign MySQL BackupRecovery,DatabaseAdministrator
SQL MySQL PostgreSQL BackupRecovery,DatabaseAdministrator
